10:30,StationC,StationD,23:56,2h26m,Passenger340,Second,PNR15008,2021-44-45
11:45,StationE,StationF,01:15,1h30m,Passenger341,Third,PNR15009,2021-44-46
13:20,StationG,StationH,03:45,2h25m,Passenger342,First,PNR15010,2021-44-47
15:00,StationI,StationJ,06:10,3h10m,Passenger343,Second,PNR15011,2021-44-48
16:45,StationK,StationL,08:30,1h45m,Passenger344,Third,PNR15012,2021-44-49
18:15,StationM,StationN,10:25,2h10m,Passenger345,First,PNR15013,2021-44-50
20:00,StationO,StationP,12:45,1h45m,Passenger346,Second,PNR15014,2021-44-51
21:30,StationQ,StationR,15:00,2h30m,Passenger347,Third,PNR15015,2021-44-5223
14:10,StationS,StationT,17:20,2h10m,Passenger348,First,PNR15016,2021-44-53
00:45,StationU,StationV,19:55,2h35m,Passenger349,Second,PNR15017,2021-44-54
02:15,StationW,StationX,22:20,3h05m,Passenger350,Third,PNR15018,2021-44-55
04:00,StationY,StationZ,00:40,1h40m,Passenger351,First,PNR15019,2021-44-56
05:30,StationAA,StationBB,02:55,2h25m,Passenger352,Second,PNR15020,2021-44-57
07:10,StationCC,StationDD,05:15,1h45m,Passenger353,Third,PNR15021,2021-44-58
08:45,StationEE,StationFF,07:40,2h25m,Passenger354,First,PNR15022,2021-44-59
10:20,StationGG,StationHH,10:00,1h40m,Passenger355,Second,PNR15023,2021-44-60
11:55,StationII,StationJJ,12:20,2h25m,Passenger356,Third,PNR15024,2021-44-61
16:40,StationOO,StationPP,19:30,2h20m,Passenger359,Third,PNR15027,2021-44-64
13:30,StationKK,StationLL,14:45,1h45m,Passenger357,First,PNR15025,2021-44-62
15:05,StationMM,StationNN,17:10,2h05m,Passenger358,Second,PNR15026,2021-44-63
1:07,StationA,StationC,7:25,1h09m,Passenger361,First,PNR9428,2024-01-07
16:33,StationA,StationC,22:18,5h29m,satyam,First,PNR14164,2021-4-1
satyam,23:47,StationA,StationC,22:31,<,First_AC,PNR6663,2021-11-11
Satyam,5:07,StationA,StationB,7:19,<,First_AC,PNR27721,2021-12-25
